title,artist,track,album
Shylmagoghnar - Emergence (Full Album) (OFFICIAL),Shylmagoghnar,,
Fullmoon Over Faerhaaven,Lamentation,Fullmoon Over Faerhaaven,Fullmoon Over Faerhaaven
NATIVE CONSTRUCT - QUIET WORLD [FULL ALBUM],squidvicious,,
Agalloch - Plateau of the Ages,.Tu√∏nela Denisse.,,
BABYMETAL - Tales of the Destinies (Official Audio),BabyMetal S - A,,
Lucky Akhand - Amay Dekona | Lyric Video | A tribute to Lucky Akhand,Listen with Lyrics,,
WIND ROSE - Army Of Stone (Official Video) | Napalm Records,Napalm Records,,
Be'lakor - From Scythe to Sceptre,Pamplemousse,,
Voice of the Soul - DEATH (Synthwave),BLAIDD,,
Linkin Park - Fighting Myself (Official Audio),Linkin Park,,
Fleshgod Apocalypse - Embodied Deception,DeadKraken95,,
Enter Vril-Ya,Therion,Enter Vril-Ya,Deggial
Lustre - Moonlit Meadow,VallhalaMetalD,,
Aaj Raate Kono Rupkotha Nei | Old School | ‡¶Ü‡¶ú ‡¶∞‡¶æ‡¶§‡ßá ‡¶ï‡ßã‡¶®‡ßã ‡¶∞‡ßÇ‡¶™‡¶ï‡¶•‡¶æ ‡¶®‡ßá‡¶á | Mobassher Choudhury,Md. Mobassher Choudhury,,
"ùêïùêÑùêíùêìùêàùêÜùêÑ - ""Deviens La Nuit"" (Official Music Video)",Season of Mist,,
Avenged Sevenfold - Chapter Four,Hopeless Records,,
"Reeds and Seeds, a Plants Vs. Zombies Jazz Album | Official Album Stream",Ruscel Torres,,
"Death Note OST I - ""Light's Theme""",S Suzuki,,
Dios - Bloom (Guitar Playthrough),Ichika Nito,,
[Official] Celeste Original Soundtrack - 13 - Madeline and Theo,Lena Raine,,
Neel Hobo I Vikings | Official Music Video,Vikings,,
Pixies - Where Is My Mind? (Official Lyric Video),PixiesOfficial,,
"The Rolling Stones - Paint It, Black (Official Lyric Video)",ABKCOVEVO,,
Be'lakor - Abeyance piano cover (self-transcription),Emma Chiu,,
California Dreamin',The Mamas & The Papas,California Dreamin',If You Can Believe Your Eyes & Ears
WOLVES IN THE THRONE ROOM - Primordial Arcana [Full Album Stream],Wolves in the Throne Room,,
Priyotamo Ki Likhi Tomay,Nishita Barua,Priyotamo Ki Likhi Tomay,Retro Cool - Bengali Vol-9
Warfaze - Purnota,Warfaze,,
Ek Akash Tara | Shawkat Ft. Ayub Bachchu | ‡¶Ü‡¶á‡ßü‡ßÅ‡¶¨ ‡¶¨‡¶æ‡¶ö‡ßç‡¶ö‡ßÅ | ‡¶è‡¶ï ‡¶Ü‡¶ï‡¶æ‡¶∂ ‡¶§‡¶æ‡¶∞‡¶æ | Music Video,Sangeeta Music,,
Legendary Pakistani Singer goes Metal [Sanson Ki Mala Pe - Nusrat Fateh Ali Khan],Andre Antunes,,
Jontrona | Nodorai | Mohon Sharif | Bangla Movie Song 2019 (Official Soundtrack),Show Motion Entertainment,,
TOMBSTONE,Wage War,TOMBSTONE,STIGMA
River Master ‚Äì The Angler's Dream Vinyl Rip,Huappy Spins,,
Enchanter - Dragon Age: Inquisition OST - Tavern song,Hikaru Kuma,,
Three Days Grace - Home (Official Video),Three Days Grace,,
Leave Her Johnny (Sea Shanty with lyrics) | Assassin's Creed 4: Black Flag (OST),Ubisoft Music,,
Bones In The Ocean,The Longest Johns,Bones In The Ocean,Bones In The Ocean
Montfaucon - Prisoner (Official track video),Montfaucon official,,
Nothnegal - Sins Of Our Creations,Season of Mist,,
Lai Lai Hei,Ensiferum,Lai Lai Hei,Iron
IRONSTONE - Moments Lost In Time (Official Video),IRONSTONE,,
Mother Russia (2015 Remaster),Iron Maiden,Mother Russia (2015 Remaster),No Prayer for the Dying
Nostalgia,Nocturnal Depression,Nostalgia,Deathcade
Frustrated,Blade and Bath,Frustrated,Rotten in Loneliness
Kansas - Carry On Wayward Son (Official Audio),KANSAS,,
Blue Oyster Cult - (Don't Fear) The Reaper (Official Audio),BLUE OYSTER CULT,,
Caverns,Thank You Scientist,Caverns,Stranger Heads Prevail
Fields of Gold,Stalled,Fields of Gold,Dust Inside a Dream
Her Ghost Haunts These Walls,Nocturnal Depression,Her Ghost Haunts These Walls,Deathcade
Finger Eleven - Slow Chemical (Official Visualizer) - from GREATEST HITS,Finger Eleven,,
PALLBEARER - I Saw The End (OFFICIAL VIDEO),Nuclear Blast Records,,
Puddle Of Mudd - Blurry (Official Music Video),Puddle Of Mudd TV,,
The Ocean - Jurassic | Cretaceous (feat. Jonas Renkse of Katatonia),Metal Blade Records,,
Anesthetize,"Porcupine Tree, Steven Wilson",Anesthetize,Fear of a Blank Planet
Murgrind - Inheritor of the Forest Throne (2015) (Old-School Dungeon Synth),The Dungeon Synth Archives,,
Black-Apolap | Album:Agontuk | Bangladeshi Band,Gaanpoka,,
Biday | ‡¶¨‡¶ø‡¶¶‡¶æ‡ßü | Cryptic Fate | Agontuk | Original Track | Band Mixed Album,G Series World Music,,
The Dyatlov Pass incident,ANTLERS,The Dyatlov Pass incident,The Dyatlov Pass incident
The Last Song,12 Stones,The Last Song,Potter's Field
Kylie Minogue - Confide In Me (Official Video),Kylie Minogue,,
BCKYRD,Hot Mulligan,BCKYRD,you'll be fine
72. Neverending Night (DELTARUNE Chapter 3+4 Soundtrack) - Toby Fox - Toby Fox,Toby Fox,,
Annihilation of the Wicked,"Nile, Karl Sanders",Annihilation of the Wicked,Annihilation of the Wicked
Chevelle - The Red (Official HD Video),CheVelle,,
Archspire - Drain of Incarnation Orchestral Version,Alex Grammann,,
Clair Obscur: Expedition 33 | Lumi√®re [Official Music Video],Sandfall Interactive,,
Seether - Fine Again,Seether,,
Daysend - Severance - 2003 (Full Album),BlackPelincho,,
Bulgarian folklor- Kaval sviri,antoniasorriso,,
Layla,Derek & The Dominos,Layla,Layla And Other Assorted Love Songs
Mike Oldfield - Nuclear,DanteMayCry,,
Silent Hill 4 - Waiting For You (Clean Version),Moonchild Studio,,
HIM - Join Me In Death,HIM,,
TOOL - Lateralus (Audio),TOOL,,
TOOL - Forty Six & 2 (Audio),TOOL,,
Breaking Benjamin - Feed the Wolf (Audio Only),Breaking Benjamin,,
Warfaze-Obak Bhalobasha,Warfaze,,
Kaatayra - Toda Hist√≥ria pela Frente (Full Album),Atmospheric Black Metal Albums,,
AFTERMATH l MATIR ROUD (OFFICIAL MUSIC VIDEO),Aftermath Bangladesh,,
Hopes Die Last - Some Like It Cold - official video,Roberto Cinardi,,
Scene Seven: I. The Dance of Eternity,Dream Theater,Scene Seven: I. The Dance of Eternity,"Metropolis, Pt. 2: Scenes from a Memory"
"Architects - ""Blackhole""",Architects,,
WILDERUN - Far from Where Dreams Unfurl (Official Visualizer Track),Wilderunband,,
Decima,"Katatonia, Jonas Renkse",Decima,The Fall of Hearts
Alkaloid - Azagthoth (official premiere),Season of Mist,,
HAKEN - Pareidolia (OFFICIAL VIDEO),InsideOutMusicTV,,
The Man-Eating Tree - To the Sinking (Official Animated Lyric Video) | #NobleDemon,Noble Demon,,
The Battle of the Five Armies,"Wind Rose, Federico Meranda, Francesco Fagiolini, Claudio Falconcini",The Battle of the Five Armies,Warfront
Unexpect - Desert Urbania,Darth Yoda,,
Chillswitch Engage,Sean Townsend,,
Hate Bein' Sober,"Chief Keef, 50 Cent, Wiz Khalifa",Hate Bein' Sober,Finally Rich
Alan Wake 2 OST Official Soundtrack - Ahti - Y√∂t√∂n Y√∂,Qiuvox,,
Three Days Grace - Time of Dying (lyrics),Tobias Loos,,
Sting - Shape of My Heart (Official Music Video),Sting,,
Old Gods of Asgard - Herald of Darkness (Alan Wake 2 | Official Music Video),Old Gods of Asgard,,
Halocraft - The Silent Forest [2025 Single],WherePostRockDwells,,
Evanescence - Imaginary (Remastered 2023) - Official Visualizer,Evanescence,,
Three Days Grace - Never Too Late,Three Days Grace,,
Tormenta De Fuego - Flamenco,Amir Talebi,,
In The Androgynous Dark,Brambles,In The Androgynous Dark,Charcoal
Dear Esther Official Soundtrack,Fanunic,,
A Plague Tale: Innocence (Original Soundtrack) | Full Album,Full Album,,
Orgone - Pleroma (FULL CD ALBUM - 2024 - Technical/Experimental Death Metal - United States),STILGAR,,
STOIC BLISS - Ac1d ft  Kazi- Ac1d Ke? with Lyrics,BIG BOSS,,
Krishno-Habib Wahid Ft Kaya (Full HD 1080p) - moshiur,moshiur rahaman,,
Raat Nirghum ‡¶∞‡¶æ‡¶§ ‡¶®‡¶ø‡¶∞‡ßç‡¶ò‡ßÅ‡¶Æ : Habib Wahid ‡¶π‡¶æ‡¶¨‡¶ø‡¶¨ ‡¶ì‡ßü‡¶æ‡¶π‡¶ø‡¶¶ : Esho Brishti Namai ‡¶è‡¶∏‡ßã ‡¶¨‡ßÉ‡¶∑‡ßç‡¶ü‡¶ø ‡¶®‡¶æ‡¶Æ‡¶æ‡¶á,Tahmid Chowdhury,,
LEVEL FIVE - 60's LOVE,LEVELFIVEtheband,,
Encore - Srotoshinni | Official Audio,ENCORE,,
Ke Dekher Kotha Ke Dekchi,Hyder Husyn,Ke Dekher Kotha Ke Dekchi,Faisa Gechi
Faisa Gechi,Hyder Husyn,Faisa Gechi,Faisa Gechi
Dil Ki Doya,"Paban Das Baul, Sam Mills",Dil Ki Doya,Real Sugar
Husks,Be'lakor,Husks,Stone's Reach
Capricorn / Agoratopia,"Rivers of Nihil, Brody Uttley, Adam Biggs",Capricorn / Agoratopia,Where Owls Know My Name
Death Is Real,"Rivers of Nihil, Brody Uttley, Adam Biggs",Death Is Real,Where Owls Know My Name
Hollow,"Rivers of Nihil, Brody Uttley, Adam Biggs",Hollow,Where Owls Know My Name
NieR: Automata | Amusement Park Theme,Paige,,
All in My Head,SMILE EMPTY SOUL,All in My Head,Shapeshifter
Smile Empty Soul - Silhouettes (Official Video),Atlantic Records,,
Evadne -  Dethroned Of Our Souls (Full Album),Funere Label,,
Jordin Sparks - Battlefield,Jordin Sparks,,
TOOL - Schism (Official Video),TOOL,,
Screaming At Forgotten Fears (2007),Xasthur,Screaming At Forgotten Fears (2007),Nightmares At Dawn
This Fire,Killswitch Engage,This Fire,As Daylight Dies
Battle On,"War Of Ages, Leroy Hamp, Steven Brown",Battle On,Fire From The Tomb
Injury - Begin,javier,,
Molchat Doma - Kletka (Official Lyrics Video) –ú–æ–ª—á–∞—Ç –î–æ–º–∞ - –ö–ª–µ—Ç–∫–∞,Molchat Doma,,
Starset - CARNIVORE (Official Lyric Video),starsetonline,,
Tears Don't Fall,Bullet For My Valentine,Tears Don't Fall,The Poison
August Burns Red - Backburner,laurensDG,,
Bring Me The Horizon - Shadow Moses (Official Video),Bring Me The Horizon,,
Avenged Sevenfold - Unholy Confessions (Original First Cut Music Video),Hopeless Records,,
Diva virtual Don omar,carlos90hm,,
"if System of a Down wrote ""FIREFLIES"" by Owl City",mac glocky,,
Wongraven - Fjelltronen (FULL ALBUM),Domitor Invictus,,
Halocraft - Hydrogen [New Single],WherePostRockDwells,,
Artcell - Obhoy (Official Lyric Video),Artcell,,
Obzen,"Meshuggah, Tomas Nils Haake, Jens Roland Kidman, Fredrik Carl Thordendal, M√•rten Hans Hagstrom",Obzen,Obzen
Selkies: The Endless Obsession,Between The Buried And Me,Selkies: The Endless Obsession,Alaska
„ÄåStory of Hope„Äç- from Despair to Hope,ryuto ajima,,
Opshori | ‡¶Ö‡¶™‡ßç‡¶∏‡¶∞‡ßÄ | Artcell | Anushilon | Original Track |@G Series World Music,G Series World Music,,
Magnolia,Deafheaven,Magnolia,Magnolia
"Depressive Silence - Depressive Silence II (1996) (Dungeon Synth, Black Ambient)",The Dungeon Synth Archives,,
NANASHI-DAYO pvz-loonboon (full version) [Miku Hatsune],zenkueu,,
Rewind,Leprous,Rewind,The Congregation
Mastodon - Oblivion [Official Visualizer],Mastodon,,
Personal Forest,Psychonaut 4,Personal Forest,Dipsomania
Lifelover - Mental Central Dialog,Prophecy Productions,,
Silent Vice - Echo Stasis,Silent Vice ,,
Je Shohore Ami Nei - Bay of Bengal (Official video),Bay of Bengal,,
Slipknot - Before I Forget [OFFICIAL VIDEO] [HD],Slipknot,,
PIERCE THE VEIL ‚Äì King For A Day (Cover by @laurenbabic & @youngrippa59),Lauren Babic,,
LORNA SHORE - Sun//Eater (OFFICIAL VIDEO),Century Media Records,,
Kodak Black - Tunnel Vision [Official Music Video],Kodak Black,,
Acid Ke,Stoic Bliss,Acid Ke,Kolponar Baire (Re-Mastered)
The Sunset of Life,Austere,The Sunset of Life,Beneath the Threshold
Dawn Of Solace - Murder (Official Music Video) | #NobleDemon #dawnofsolace,Noble Demon,,
Glare ‚Äî ‚ÄúVoid In Blue‚Äù (Official Audio),Sunday Drive Records,,
My Sleeping Heart,„ÄåStory of Hope„Äç,My Sleeping Heart,Fairy Dance
My Band,D12,My Band,D-12 World
Daboor & Shabjdeed - Inn Ann (Prod. Al Nather) ÿ∂ÿ®ŸÄŸÄŸàÿ± Ÿàÿ¥ÿ® ÿ¨ÿØŸäÿØ - ÿ•ŸÜ ÿ£ŸÜ,BLTNM ÿ®ŸÑÿßÿ™ŸÜŸÖ,,
Antonamasia - Still i bleed,Cassiel Lestat,,
Bishonno Adhar - Stentorian (Lyrics),LyricsVEVO,,
‡¶¨‡¶æ‡¶Ç‡¶≤‡¶æ‡¶¶‡ßá‡¶∂ ‡¶∏‡ßç‡¶Æ‡ßÉ‡¶§‡¶ø ‡¶ì ‡¶Ü‡¶Æ‡¶∞‡¶æ | ‡¶Ü‡¶∞‡ßç‡¶ü‡¶∏‡ßá‡¶≤ | Bangladesh Sriti O Amra | Artcell | Music Video,G Series World Music,,
Chile Kothar Shepai | ‡¶ö‡¶ø‡¶≤‡ßá ‡¶ï‡ßã‡¶†‡¶æ‡¶∞ ‡¶∏‡ßá‡¶™‡¶æ‡¶á | Artcell | Agontuk 2 | Original Track |@G Series World Music,G Series World Music,,
Rahur Grash || ‡¶∞‡¶æ‡¶π‡ßÅ‡¶∞ ‡¶ó‡ßç‡¶∞‡¶æ‡¶∏ || Artcell || Onno Shomoy || Original Track || @gseriesworldmusic3801,G Series World Music,,
Bhul Jonmo || ‡¶≠‡ßÅ‡¶≤ ‡¶ú‡¶®‡ßç‡¶Æ || Artcell || Onno Shomoy || Original Track || @gseriesworldmusic3801,G Series World Music,,
Onnosomoy | Artcell Band | Album Onnosomoy | Official Lyrical Video,G Series Music,,
Dhushor Shomoy || ‡¶ß‡ßÇ‡¶∏‡¶∞ ‡¶∏‡¶Æ‡ßü || Artcell || Oniket Prantor || Bangla Band Song || @G Series World Music,G Series World Music,,
Pothchola | ‡¶™‡¶•‡¶ö‡¶≤‡¶æ | Artcell | Onno Shomoy | Original Track | Bangla Band Song,G Series World Music,,
Oniket Prantor || ‡¶Ö‡¶®‡¶ø‡¶ï‡ßá‡¶§ ‡¶™‡ßç‡¶∞‡¶æ‡¶®‡ßç‡¶§‡¶∞ || Artcell || Bangla New Band Song || Official Lyrical Video,G Series Music,,
Don Omar - Bandolero ft. Tego Calderon,Don Omar,,
Waking The Cadaver - Blood Splattered Satisfaction,Sh1tFac3dStudi0,,
Pistoler Jibon | UPTOWN LOKOLZ | Kahini Scene Paat | Hiphop Song 2018,DeadLine Music,,
„Ç™„Éê„Ç¢„ÉÅ„É£„É≥,"MONACA, MONACA, MONACA",„Ç™„Éê„Ç¢„ÉÅ„É£„É≥,NieR Gestalt & NieR Replicant Original Soundtrack
"MYRATH ""BELIEVER"" Official Music Video",earMUSIC,,
Traverse the Abyss - Zombies (Single) 2024,Traverse the Abyss Official,,
Bagdhara - Proticchobi (‡¶™‡ßç‡¶∞‡¶§‡¶ø‡¶ö‡ßç‡¶õ‡¶¨‡¶ø) - Official Music Video,Bagdhara Band,,
Utsu-P„ÄêÈ¨±P„Äë- RENAISSANCE (Full Album),ButteryandBubbly,,
Voidhaven | Lithic (Full Album Stream) | Doom Death Metal,Ardua Music,,
Violent New Breed - Bury Me (Ft. Howard Jones),SBG Records,,
Phinehas - I Am The Lion,PhinehasVEVO,,
KISSIN' DYNAMITE - Six Feet Under (2012) // Official Music Video // AFM Records,AFM Records,,
fripSide - an Effect of Fate(Audio),fripSide OfficiAL YouTube Channnel,,
fripSide - Decade (Audio),fripSide OfficiAL YouTube Channnel,,
Cry Of The Last Mammoth,ANTLERS,Cry Of The Last Mammoth,Cry Of The Last Mammoth
Chena Jogot || ‡¶ö‡ßá‡¶®‡¶æ ‡¶ú‡¶ó‡ßé || Vibe || Chena Jogot  || Original Track || @gseriesworldmusic3801,G Series World Music,,
"""Unholy Confessions"" by Avenged Sevenfold",Grant,,
Death - Crystal Mountain,deathmetalchuck,,
Vibe - Shopnodev Lyrics,Room 505,,
system of a down-vicinity of obscenity,Jordan Cline,,
"Kaonashi ""I Hate the Sound of Car Keys"" (Official Music Video)",Equal Vision Records,,
Chitkar | ‡¶ö‡¶ø‡ßé‡¶ï‡¶æ‡¶∞ | Shohorbondee | ‡¶∂‡¶π‡¶∞‡¶¨‡¶®‡ßç‡¶¶‡ßÄ |,Shohorbondee,,
Iron Maiden - The Trooper (Remixed and Remastered),Marnetmar,,
Aquilus - Nigh To Her Gloam (Track Premiere),Atmospheric Black Metal Albums,,
Austere - Beneath the Threshold [Official Album Player],Prophecy Productions,,
Slipknot - Duality [OFFICIAL VIDEO] [HD],Slipknot,,
Wine From Tears ~Through The Eyes Of A Mad (Full Album),icedirony,,
VEIL OF MAYA - It's Not Safe To Swim Today,SUMERIAN,,
"Black Lava - ""Dark Legacy"" (Official Audio) 2024",Season of Mist,,
AUSTERE - Only the Wind Remembers,Eisenwald Official,,
Oshomapto Shantona | ‡¶Ö‡¶∏‡¶Æ‡¶æ‡¶™‡ßç‡¶§ ‡¶∏‡¶æ‡¶®‡ßç‡¶§‡¶®‡¶æ | Artcell | Official Audio Track 5 | Album-Otritio | Band 2023,G Series Music,,
Deliver Me,Parkway Drive,Deliver Me,Deep Blue
Breath,Breaking Benjamin,Breath,Phobia
Evanescence - Tourniquet (Remastered 2023) - Official Visualizer,Evanescence,,
Dethklok - Awaken,Mr.D,,
Drain of Incarnation,"Archspire, Dean Lamb, Tobi Morelli, Oliver Rae Aleron, Spencer Prewett, Jared Smith",Drain of Incarnation,Bleed the Future
Killswitch Engage - The Arms of Sorrow [OFFICIAL VIDEO],Roadrunner Records,,
System Of A Down - Soldier Side (Official Audio),System Of A Down,,
Belphegor - Virtus Asinaria - Prayer,RedNight,,
Linkin Park - Blackbirds (Music Video),Fleyn Soldier,,
Everybody‚Äôs Fool (Remastered 2023),Evanescence,Everybody‚Äôs Fool (Remastered 2023),Fallen
Junoon - Sayonee (Official Music Video),junoonofficial,,
"Parkway Drive - ""Sleepwalker""",Epitaph Records,,
"Parkway Drive - ""Deadweight"" (Full Album Stream)",Epitaph Records,,
"Parkway Drive - ""Alone"" (Full Album Stream)",Epitaph Records,,
"Parkway Drive - ""Karma""",Epitaph Records,,
"Parkway Drive - ""Wreckage"" (Full Album Stream)",Epitaph Records,,
"Parkway Drive - ""Home Is For The Heartless"" (Full Album Stream)",Epitaph Records,,
Anmone 2 (‡¶Ü‡¶®‡¶Æ‡¶®‡ßá-‡ß®) - Aurthohin | Aushomapto 2,Aurthohin,,
–ü—É—Ç—å - –ü–µ—Å–Ω–∏ —Å–º–µ—Ä—Ç–∏ (Full Album),Atmospheric Black Metal Albums,,
Back To Times Of Splendor - Disillusion (FULL ALBUM),Neurotripsicks,,
Easing The Pain,Sabhankra,Easing The Pain,Seers Memoir
Trivium - Blind Leading The Blind [OFFICIAL VIDEO],Trivium,,
Within Temptation - What Have You Done (Music Video) ft. Keith Caputo,Within Temptation,,
ALDA - Passage FULL ALBUM (Official Audio),Eisenwald Official,,
HARBINGER - Hate File (Official Music Video),HARBINGER,,
DEXCORE „ÄåBrain Washing„Äç Official Music Video,DEXCORE OFFICIAL CHANNEL,,
Follow the Plaguelord Pt  II: The Harbinger Ov Pestilence by Empyrean Throne [HI-FI AUDIO][LYRICS],Empyrean Throne Band,,
ALDA - A Distant Fire FULL ALBUM (Official Audio),Eisenwald Official,,
For When You Can't Breathe - I Hope She Sees This (Acoustic),For When You Can't Breathe,,
Lustre - Petrichor,Middel Erde,,
"–ö–∏–Ω–æ - –ó–∞–∫—Ä–æ–π –∑–∞ –º–Ω–æ–π –¥–≤–µ—Ä—å, —è —É—Ö–æ–∂—É",Lev Gou,,
Chaoseum - Smile Again (Official Music Video),Spaceuntravel,,
VOY-Stentorian,Rezwanul Islam,,
FRASER EDWARDS - Stop Saying We Sound Like Dragonforce (Official Video),Fraser Edwards,,
DEAD INSIDE - belowground,IncelFan,,
Dan Dan Don Don,Nanashi Mumei Ch. hololive-EN,,
Kino - Kukushka,MrOlav321,,
BABYMETAL - „É°„ÇÆ„ÉÑ„Éç - MEGITSUNE (OFFICIAL),BABYMETAL,,
"Sonic Frontiers OST - ""Undefeatable""",Sonic the Hedgehog,,
Icarus,Bastille,Icarus,All This Bad Blood
SHAPE OF DESPAIR - Forfeit (Official Streaming Video),Season of Mist,,
Woods of Ypres - I Was Buried in Mount Pleasant Cemetery (Official Video),Earache Records,,
My Sleeping Karma - Atma (2022) [Full Album],Morphy,,
RELIQA - The Ritualist (Official Visualiser),Reliqa,,
DragonForce - Ashes of the Dawn (Reaching Into Infinity),DragonForce,,
The Kingdom Sitteth Lonely Beneath Thine Hollowed Heavens,"Infant Annihilator, Trevor Strnad",The Kingdom Sitteth Lonely Beneath Thine Hollowed Heavens,The Battle of Yaldabaoth
Beyond the Realms of God,Outlaw,Beyond the Realms of God,Beyond the Realms of God
Sabhankra - I Will Die With Your Love,Mete Sarigul,,
Itihash || ‡¶á‡¶§‡¶ø‡¶π‡¶æ‡¶∏ || Aurthohin || Agontuk 3 || Band Song || All Time Hit || @G Series World Music,G Series World Music,,
Á´πÂÜÖ„Åæ„Çä„ÇÑ -  Plastic Love (Official Music Video),Mariya Takeuchi,,
AS BLOOD RUNS BLACK - In Dying Days (With Lyrics),AsBIoodRunsBIack,,
Chrono Trigger Soundtrack - Corridors of Time [HQ],phoenix3065,,
Madonna - La Isla Bonita (Official Video),Madonna,,
6 No Bipod Songket | Fokir Lal Miah | Full Album |  Audio Jukebox,G Series Music,,
Mrito - Icons,Shadman Saqib,,
Alda - Tahoma (Full Album),Wallaaigiao,,
Heritage of the Natural Realm,Sojourner,Heritage of the Natural Realm,Empires of Ash
ŒõŒîŒõŒú - SUN  (Full Album 2020)   || ADAM - SUN,666MrDoom,,
Dawn Of Solace - I Was Never There,Olszynka Ligeia,,
All That Remains - This Calling,XXXHedgehog789XXX,,
Kmac2021 - Idol Hands [Official Lyric Video],Kmac2021,,
Oh Hiroshima - In Silence We Yearn (Full Album),WherePostRockDwells,,
Scene Nine: Finally Free,Dream Theater,Scene Nine: Finally Free,"Metropolis, Pt. 2: Scenes from a Memory"
Woods Of Ypres - Kiss My Ashes (Goodbye) (Official Audio),Earache Records,,
A.U.M.,"Archspire, Dean Lamb, Tobi Morelli, Oliver Rae Aleron, Spencer Prewett, Jared Smith",A.U.M.,Bleed the Future
Apology,Alesana,Apology,Try This With Your Eyes Closed
Wait for Sleep,Dream Theater,Wait for Sleep,Images and Words
Gojira - Another World [OFFICIAL VIDEO],Gojira,,
The Gift of Guilt,Gojira,The Gift of Guilt,L'Enfant Sauvage
Wish You Were Here,Incubus,Wish You Were Here,Wish You Were Here
Burning from Both Ends,Harakiri For The Sky,Burning from Both Ends,Aokigahara
RELIQA - I Don't Know What I Am (Official Visualiser),Reliqa,,
"C418 - Aria Math, but the best part is looped perfectly",Quackcoke,,
Megadeth - Countdown To Extinction,Kelvin Monteza,,
You Were But A Ghost In My Arms (2016 - Remaster),Agalloch,You Were But A Ghost In My Arms (2016 - Remaster),The Mantle
Red Cold River,Breaking Benjamin,Red Cold River,Ember
"Dawn Of Solace: ""Dead Air""",zenseitutti,,
Breaking Benjamin - So Cold,Breaking Benjamin,,
Creed - What If (Official HD Music Video),Creed,,
LOST IN THE ECHO,LINKIN PARK,LOST IN THE ECHO,LIVING THINGS
Harakiri For The Sky - Calling the rain,AOP Records,,
Harakiri For The Sky - Thanatos,AOP Records,,
As I Am,Dream Theater,As I Am,Train of Thought
Lorna Shore - Pain Remains: Trilogy [Unofficial Lyric Video],Music Heaven,,
Dream House,Deafheaven,Dream House,Sunbather
RELIQA - Safety feat. Sean Harmanis (Official Music Video),Reliqa,,
Weight of the World/Â£ä„É¨„Çø‰∏ñÁïå„ÉéÊ≠å,"Keiichi Okabe, YOKO TARO, Keiichi Okabe, Keiichi Okabe",Weight of the World/Â£ä„É¨„Çø‰∏ñÁïå„ÉéÊ≠å,NieR:Automata Original Soundtrack
Kelly Clarkson - Behind These Hazel Eyes (Official Video),Kelly Clarkson,,
Distant Dream - Your Own Story [Full Album],WherePostRockDwells,,
"Parkway Drive - ""Glitch""",Parkway Drive,,
"Parkway Drive - ""Darker Still""",Parkway Drive,,
„ÄêORIGINAL SONG MV„ÄëËß£Èõ¢ (Dissociation) „ÄêFutakuchi Mana ‰∫åÂè£È≠îËèú„Äë,Futakuchi Mana | ‰∫åÂè£È≠îËèú,,
Miss May I - Shadows Inside (Official Music Video),SharpTone Records,,
Be'lakor - A Natural Apostasy,belakorband,,
Necrophagist- Stabwound,Thebeastsnumber666,,
Be'lakor - By Moon and Star (HD),belakorband,,
Be'lakor - Remnants (HD),belakorband,,
Tapestry of the Starless Abstract,Ne Obliviscaris,Tapestry of the Starless Abstract,Portal of I
Ne Obliviscaris - Urn full album (2017),Season of Mist,,
Serial Experiments Lain Ending Full Tooi Sakebi,simh,,
Serial Experiments Lain - Duvet Extended,Chronobreak,,
„ÇÇ„Åê„ÇÇ„ÅêYUMMYÔºÅ/ Áå´Âèà„Åä„Åã„ÇÜ(official),Okayu Ch. Áå´Âèà„Åä„Åã„ÇÜ,,
Fear of the Dark (2015 Remaster),Iron Maiden,Fear of the Dark (2015 Remaster),Fear of the Dark
Unholy Gravebirth,Infant Annihilator,Unholy Gravebirth,The Elysian Grandeval Gal√®riarch
"Parkway Drive - ""The Greatest Fear""",Parkway Drive,,
Heilung | Anoana [Official Video],Heilung,,
We Lost The Sea - Departure Songs (Full Album),In The Woods,,
Metal: Hellsinger ‚Äî Stygia ft. Alissa White-Gluz from Arch Enemy,Piece Of Lembas,,
Okayu and Korone Rap - If... by DA PUMP (With Lyrics)„ÄêEN Sub„Äë,Fanfare Ch„ÄÇ,,
"The Offspring - You're Gonna Go Far, Kid (Official Music Video)",The Offspring,,
The Offspring - The Kids Aren't Alright (Official Music Video),The Offspring,,
The Brow Beat„ÄåÈäÉÂ£∞„Äç„ÄêOfficial Music Video [Full Ver.] „Äë,The Brow Beat Official YouTube Channel,,
Dawn Of Solace - Event Horizon (Official Music Video) | Noble Demon,Noble Demon,,
The Count of Tuscany,Dream Theater,The Count of Tuscany,Black Clouds & Silver Linings
AUSTERE - Just for a Moment...,Eisenwald Official,,
Breaking Benjamin - I Will Not Bow,Breaking Benjamin,,
KINO - Spokoynaya Noch' (Calm Night) –°–ø–æ–∫–æ–π–Ω–∞—è –Ω–æ—á—å,illismi,,
felperc - five stages of grief [Album] (2021),WherePostRockDwells,,
Agalloch - In the Shadow of Our Pale Companion,windswept23,,
From Roots to Needles,If These Trees Could Talk,From Roots to Needles,"Above the Earth, Below the Sky"
Song to Say Goodbye,Harakiri For The Sky,Song to Say Goodbye,Song to Say Goodbye
Once Upon a Winter,Harakiri For The Sky,Once Upon a Winter,M√¶re
Sing for the Damage We've Done,Harakiri For The Sky,Sing for the Damage We've Done,Sing for the Damage We've Done
"Harakiri For The Sky - I, Pallbearer (Official Music Video)",AOP Records,,
[ORIGINAL] REFLECT - Gawr Gura,Gawr Gura Ch. hololive-EN,,
Native Deen Alhamdulillah,youngmuslim4life,,
Native Deen - The deen you know (with Lyrics) HD,786MC,,
NATIVE DEEN -- Intentions,Daze Studios,,
NATIVE DEEN -- Small Deeds,Daze Studios,,
Native Deen- Looking Glass,ummatALislam,,
paradise native deen,mohammedhagos,,
Native Deen - Test,Yousuf Naeem,,
Native Deen -  Drug free,Amir Qureashi,,
Sakina- Native Deen,ummatALislam,,
Icons - Ohongkar,Rezwanul Islam,,
Back To The Shadows,Soulside Journey,,
Northlane - Bloodline [Official Music Video],UNFD,,
SHADE - Dhoa'r Majhey,Kazi Ahmed,,
„ÄêOriginal Song„ÄëALiCE&u„ÄêAyunda Risu„Äë,Ayunda Risu Ch. hololive-ID,,
BE'LAKOR - Hidden Window (Official Video) | Napalm Records,Napalm Records,,
Everything's Alright- Laura Shigihara- lyrics,xx7sweetnightmare4xx,,
BAD END THEATER - true end ver. (feat. Eleanor Forte Lite) - [ BAD END THEATER OST ],NomnomNami,,
Deftones - Rosemary,Primera Starrk,,
"Architects - ""Hereafter""",Epitaph Records,,
Much More Was Lost,"Be'lakor, John Richardson, Elliot Sansom, Shaun Sykes, George Kosmas, Steve Merry",Much More Was Lost,Coherence
Be'lakor - Sun's Delusion,belakorband,,
Be'lakor - The Dream and the Waking (HD),belakorband,,
Be'lakor - Fraught (HD),belakorband,,
Á©è„É§„Ç´„ÉäÁú†„É™,"Keiichi Okabe, Keiichi Okabe, Keiichi Okabe",Á©è„É§„Ç´„ÉäÁú†„É™,NieR:Automata Original Soundtrack
Onuvuti Stentorian,frozennmist,,
Poor Mans Poison - Give And Take (Official Video) A.K.A. Feed The Machine II the sequel,PoorMansPoison,,
"Mobb Deep - Shook Ones, Pt. II (Official HD Video)",Mobb Deep,,
Halocraft - She speaks of stars,Halocraft,,
Metal Gear Solid 3 Snake Eater Soundtrack: Snake Eater,alvaroduck,,
Nujabes - Feather,ChilledHipHop,,
BE'LAKOR - Valence (Official Video) | Napalm Records,Napalm Records,,
Locus,"Be'lakor, John Richardson, Elliot Sansom, Shaun Sykes, George Kosmas, Steve Merry",Locus,Coherence
"SION ""Inside The Hollow"" (Official Music Video)",Jared Dines,,
Trivium - Until The World Goes Cold [OFFICIAL VIDEO],Trivium,,
Archspire - Calamus Will Animate,Season of Mist,,
A-F-R-O - Big Belly (Official Video),A-F-R-O,,
Mario Judah - I Miss the Rage,732zachary,,
KILL,vivivivivi,,
Out of Touch,Daryl Hall & John Oates,Out of Touch,The Very Best of Daryl Hall / John Oates
Stentorian - Odrishsho Juddho,hussain408,,
credits song for my death,vivivivivi,,
RELIQA - The Bearer of Bad News (Official Visualiser),Reliqa,,
Hedge Wizard - More True Than Time Thought (2014) (Dungeon Synth),The Dungeon Synth Archives,,
Best of God Is An Astronaut,WherePostRockDwells,,
"Chernikovskaya Hata - chernikovskaya hata (Full Album, Russia, 2016)",privet poka,,
„ÄêCOVER„ÄëInkya Impulse | „Ç§„É≥„Ç≠„É£„Ç§„É≥„Éë„É´„Çπ (Asobi Asobase ED)„ÄêFutakuchi Mana ‰∫åÂè£È≠îËèú„Äë,Futakuchi Mana | ‰∫åÂè£È≠îËèú,,
Mario Judah - You never Cared at all (Official Audio) 160k,ùñöùñÜùñéùñé ùñáùñóùñäùñìùñî,,
"Mario Judah - ""Afraid of Love"" (Official Audio Video)",Mario Judah,,
ELUVEITIE - Epona (OFFICIAL MUSIC VIDEO),Nuclear Blast Records,,
War Of Ages - Collapse,WarOfAgesVEVO,,
Osi And The Jupiter ‚Äî Fj√∂rgyn,Years Of Silence,,
Ne Obliviscaris - Painters Of The Tempest (Full),Shintaro Fushida-Hardy,,
Halocraft - A Mother to Scare Away the Darkness [Album Premiere],WherePostRockDwells,,
Aquilus - In Lands of Ashes (Official Music Video),Andrea Effulge,,
"ARCHSPIRE - ""Drone Corpse Aviator"" (Official Music Video) 2021",Season of Mist,,
Bring Me The Horizon - 1x1 (Lyric Video) ft. Nova Twins,Bring Me The Horizon,,
Bed of Nails,"Neko Fuzz, Barbasauce",Bed of Nails,Bed of Nails
MGMT - Little Dark Age (Official Video),MGMT,,
Gjallarhorn - I Riden S√• (Ye Ride So Carefully),thefetusboy,,
"IRE ""Reflections"" (LYRIC VIDEO)",IRE_official,,
Breaking Benjamin - Crawl [Official Video],miriebraha,,
Audio Active Music - Shadows,ThePrimeCronus,,
Ori and the Blind Forest ‚Äì Main Theme [Menu Music],Empty Channel,,
Tempest,Countless Skies,Tempest,Glow
Death Dealer [OFFICIAL VIDEO] - Lords of the Trident,Lords of the Trident,,
Lamb of God - Vigil,Lamb of God,,
Clouds - Doliu (2014) Full Album,Doom Metal Subgenres,,
Avenged Sevenfold - Afterlife [Official Music Video],Avenged Sevenfold,,
MESHUGGAH - New Millennium Cyanide Christ (Official Music Video),Reigning Phoenix Music,,
"Pok√©mon Red/Blue - ""Battle Vs. Trainer"" METAL | FamilyJules",FamilyJules,,
"The Elder Scrolls V: Skyrim - ""Ancient Stones"" Metal Guitar Cover | FamilyJules",FamilyJules,,
Hypnogaja - Here Comes The Rain Again,NeoRock06,,
Wintersun - Wintersun/05 - Death And The Healing,winterghoul,,
EVADNE - A Mother Named Death (2017) Full Album Official (Melodic Death Doom Metal),Solitude Productions,,
Spiritbox - Rule Of Nines (Official Music Video),Pale Chord Music,,
Miki Matsubara - Stay With Me (cyberpunk/synthwave remix),Astrophysics,,
pagol chara duniya cole na,koster tv,,
AU√êN - Lj√≥st√Ωra (Official Track Premiere),Season of Mist,,
Hooded Menace - Blood Ornaments (official track premiere) 2021,Season of Mist,,
Judas Priest - The Hellion / Electric Eye (HQ),Lux Gaming,,
Dawn Of Solace - Lead Wings (Official Music Video) | Noble Demon,Noble Demon,,
Killswitch Engage - My Curse (WITH LYRICS IN DESCRIPTION),deadman9101,,
LORNA SHORE - And I Return To Nothingness (OFFICIAL VIDEO),Century Media Records,,
Metalingus-Alter Bridge,fukubitch1510,,
Illnath:Cast into the fields of evil pleasure,C√°ssio Lampert,,
BUDDHA BRAND ‰∫∫ÈñìÁô∫ÈõªÊâÄ,Ë•øÂéüË™†,,
BLIND GUARDIAN - The Bard's Song (OFFICIAL MUSIC VIDEO),Blind Guardian,,
Creed - My Sacrifice,Creed,,
Evanescence - Part Of Me (Official Audio),Evanescence,,
Rammstein - Sonne (Official Video),Rammstein Official,,
Illnath - Angelic Voices Calling,mictain666,,
"Dream Theater - ""Pull Me Under""",TheBlackbird012,,
When Nothing Remains - A Lake Of Frozen Tears,Eternal Woods,,
Cancer / Moonspeak,"Rivers of Nihil, Brody Uttley, Adam Biggs",Cancer / Moonspeak,Where Owls Know My Name
Eluveitie - Alesia (Audio),alexnadim,,
Journey to the End,Windir,Journey to the End,1184
Low Roar-Don't be so serious (Death Stranding Music),DANYXX,,
Nargaroth - FULL - Seven tears Are Flowing To The River,Burningfromwithin,,
Buckethead - Soothsayer,lounaslaatikko,,
BE'LAKOR - Withering Strands (Official Lyric Video) | Napalm Records,Napalm Records,,
Karg - Alles wird in Flammen stehen,AOP Records,,
√ûj√°ning Heillar √ûj√≥√∞ar,Au√∞n,√ûj√°ning Heillar √ûj√≥√∞ar,Au√∞n
Shadow Of Intent - The Prelude To Bereavement (Official Stream),Shadow Of Intent,,
Nekrogoblikon - We Need A Gimmick [OFFICIAL VIDEO],Nekrogoblikon,,
Dance Of Death,Iron Maiden,Dance Of Death,From Fear to Eternity: The Best of 1990 - 2010
Forget Not,Ne Obliviscaris,Forget Not,Portal of I
Gojira - Global Warming [Live at the Silver Cord Studio May 2018],Gojira,,
And Plague Flowers the Kaleidoscope,Ne Obliviscaris,And Plague Flowers the Kaleidoscope,Portal of I
Illnath - By the Hands of Violent Winter,Ivana Bunjan,,
Gojira - Mandragore,Gojira Vidya,,
Killswitch Engage - The End Of Heartache,Roadrunner Records UK,,
Rivers of Nihil - Where Owls Know My Name (OFFICIAL VIDEO),Metal Blade Records,,
THE FACELESS - Legion of the Serpent,SUMERIAN,,
Never Forgotten Justice,Superdeathflame,Never Forgotten Justice,The Last Wave
MiNERVA Tribute Full - MiNERVA Bangladesh,Hasib,,
"Architects - ""Doomsday""",Epitaph Records,,
Lost in Darkness (Nintendocore),SpaetzleundSoss,,
Rawesome - Humanity,xRawesomex,,
Nevermore - The River Dragon Has Come (Lyrics),NevermoreFans,,
Insomnium - Weighed Down With Sorrow,Disturbed684,,
Illnath: And There Was Light,Nattefrosts,,
Infinite Descent  Heaven Sent,VXballads,,
Lacuna Coil - Intoxicated (with Lyrics),MellifluousBrazil,,
"DELTARUNE - ""Field of Hopes and Dreams"" METAL | FamilyJules",FamilyJules,,
Grima - Enisey (Official Track | Atmospheric Black Metal),NATURMACHT,,
ARS ONIRICA - The Loss (Official Video) Black / Doom Metal,Solitude Productions,,
Avash | Avash | Official Video,Avash,,
Apocalypse Orchestra - The Garden Of Earthly Delights (Official Music Video) Medieval Metal,Despotz Records,,
Dawn of Solace - Winter Song (With Lyrics),Shmulikipod123,,
Tonic - If You Could Only See (Closed-Captioned),TONIC,,
Dream Theater - Octavarium - HQ,gwmax11,,
Led Zeppelin - Stairway To Heaven (Official Audio),Led Zeppelin,,
Eluveitie - Neverland,Gyvates Asara,,
All That Remains - Six (lyrics),KALANARRAAJA,,
"√Üther Realm - The Sun, The Moon, The Star",√Üther Realm,,
Be'lakor - Abeyance (HD),belakorband,,
Shadow Of Intent - Underneath A Sullen Moon (OFFICIAL STREAM),Shadow Of Intent,,
Serj Tankian - Harakiri,serjtankian,,
Iron Maiden - Run To The Hills (Official Video),Iron Maiden,,
Lamb of God - Walk With me in Hell (Lyrics) [HQ],LamdLyrics,,
When Nothing Remains - I Forgive You,SakoARS,,
Wolfheart - The Flood,Wolfheart,,
Rivers of Nihil - The Silent Life (OFFICIAL VIDEO),Metal Blade Records,,
bad guy in the style of Breaking Benjamin (feat. Jared Dines),Anthony Vincent,,
dEMOTIONAL - To the Gallows,1MHzRS,,
Epitaph Bhoy,Nazif Hossain,,
Being - Story for a Muse,llaincss,,
Trivium - Strife [OFFICIAL VIDEO],Trivium,,
Blind Witness - All alone,T1m,,
"VREID, ""One Hundred Years"" (Official Lyric Video)",Season of Mist,,
When Nothing Remains - Mourning Of The Sun,Christian Messineo,,
Batushka  - Yektenia 1,MrNecrodaemon,,
When Nothing Remains ~Ghost Story,icedirony,,
When Nothing Remains - Reunited in the Grave,UnknownMelodeath,,
Coheed and Cambria - Welcome Home,Coheed and Cambria,,
Shape of Despair - Angels Of Distress,Unsilent YourLife MyDeath,,
KRYN - Reminder (Official Music Video),KRYN,,
Voidhaven - The Floating Grave,Zahin Shahriar Bin Khair,,
"Parkway Drive - ""Cemetery Bloom"" (Full Album Stream)",Epitaph Records,,
Blackout - Linkin Park (A Thousands Suns),Linkin Park,,
"Dawn of Solace - I Am Chaos, I Am Destruction (With Lyrics)",Shmulikipod123,,
Be'lakor - Countless Skies,Pamplemousse,,
Being - DNA,Myke Bates,,
Beyond Creation - Algorythm (official lyric video),Season of Mist,,
System of a Down - I-E-A-I-A-I-O Lyrics,slorr55,,
DRAGONFORCE - Through the Fire and Flames (Official Video),DragonForce,,
IMMORTAL - All Shall Fall (OFFICIAL MUSIC VIDEO),,,
Mick Gordon - 11. BFG Division,Mick Gordon,,
Gojira - Silvera [OFFICIAL VIDEO],Gojira,,
Gojira - Stranded [OFFICIAL VIDEO],Gojira,,
GOJIRA - L'Enfant Sauvage [OFFICIAL VIDEO],Gojira,,
Cradle Of Filth - Hallowed Be Thy Name (Audio),Cradle Of Filth,,
Children Of Bodom - Everytime I Die,SpinefarmUS,,
ARCH ENEMY - As The Pages Burn (OFFICIAL LYRIC VIDEO),Century Media Records,,
ARCH ENEMY - You Will Know My Name (OFFICIAL VIDEO),Century Media Records,,
ARCH ENEMY - The World Is Yours (OFFICIAL VIDEO),Century Media Records,,
ARCH ENEMY - The Eagle Flies Alone (OFFICIAL VIDEO),Century Media Records,,
ARCH ENEMY - We Will Rise (OFFICIAL VIDEO),Century Media Records,,
Marilyn Manson - Sweet Dreams (Are Made Of This) (Alt. Version),Marilyn Manson,,
IN VAIN - Image of Time,Krzysztof Kucharski,,
EX DEO - The Rise Of Hannibal (Official Audio) | Napalm Records,Napalm Records,,
BORN OF OSIRIS - Open Arms To Damnation,SUMERIAN,,
BORN OF OSIRIS - M‚àÜCHINE,SUMERIAN,,
BORN OF OSIRIS - Bow Down,SUMERIAN,,
BEYOND CREATION - Omnipresent Perception (OFFICIAL) Video,ObnoxiousPictures,,
Archspire - Involuntary Doppelg√§nger (official lyric video),Season of Mist,,
Archspire - Human Murmuration (official premiere),Season of Mist,,
Rings of Saturn - Immaculate Order,xHx4xCxKx3xRx,,
"IMPENDING DOOM ""More Than Conquerors"" OFFICIAL VIDEO",FacedownRecords,,
Whitechapel - Elitist Ones (OFFICIAL VIDEO),Metal Blade Records,,
VEIL OF MAYA - Mikasa (Official Music Video),SUMERIAN,,
Undertale Guitar Medley | FamilyJules,FamilyJules,,
ERRA - Render The Void,Tragic Hero Records,,
dEMOTIONAL - Broken Dreams,1MHzRS,,
Avenged Sevenfold - Crimson Day Lyrics HD,ebmusicman16HD,,
Avenged Sevenfold - Coming Home Lyrics HD,ebmusicman16HD,,
Avenged Sevenfold - Hail To The King [Official Music Video],Avenged Sevenfold,,
August Burns Red- Back Burner (Lyrics and Meaning),THEKyleDeVries,,
AS I LAY DYING - My Own Grave (OFFICIAL MUSIC VIDEO),As I Lay Dying,,
"Architects - ""Modern Misery""",Epitaph Records,,
System Of A Down - Lonely Day (Official HD Video),System Of A Down,,
System Of A Down - Aerials (Official HD Video),System Of A Down,,
System Of A Down - Chop Suey! (Official HD Video),System Of A Down,,
System Of A Down - Toxicity (Official HD Video),System Of A Down,,
Absentia - Bhrom [Official Audio],Absentia official,,
Breaking Benjamin - The Diary of Jane,HollywoodRecordsVEVO,,
ANGEL VIVALDI // A Martian Winter [OFFICIAL MUSIC VIDEO],Angel Vivaldi,,
Genesis - Land Of Confusion (Official Music Video),Genesis,,
Phil Collins - In The Air Tonight (Official Music Video),Phil Collins,,
Phil Collins - Another Day In Paradise (Official Music Video),Phil Collins,,
LIGHT THE TORCH - Die Alone (OFFICIAL MUSIC VIDEO),Nuclear Blast Records,,
Incubus - Drive,Incubus,,
Hoobastank - The Reason (Official Music Video),Hoobastank,,
Dio - Rainbow In The Dark [HD],MusicStudio9,,
Dio - Holy Diver,Dio: The King of Rock 'n' Roll,,
Corey Taylor - Rainbow in the Dark (DIO cover HQ),Shary Pellegrino,,
Tenacious D -The Last In Line (Dio Tribute-This is your life-2014),Cult Ov Doom,,
Stratovarius - Black Diamond,ggonza43,,
Eluveitie - Gray sublime Archon,9Jumper5,,
ELUVEITIE - Inis Mona (OFFICIAL MUSIC VIDEO),,,
ELUVEITIE - 12 King [OFFICIAL MUSIC VIDEO],Scar Skybed,,
Eluveitie - 11 The Silver Sister,Scar Skybed,,
Eluveitie - 10 Vianna,Scar Skybed,,
ELUVEITIE - 07 The Call Of The Mountains [OFFICIAL MUSIC VIDEO],Scar Skybed,,
Eluveitie - 04 Celtos,Scar Skybed,,
Eluveitie - 03 From Darkness,Scar Skybed,,
Eluveitie - 02 The Nameless,Scar Skybed,,
ELUVEITIE - A Rose For Epona (OFFICIAL MUSIC VIDEO),,,
Eluveitie - Quoth The Raven,iloskaman,,
ELUVEITIE - Thousandfold (OFFICIAL MUSIC VIDEO),,,
SHALLOW RIVERS - Water Awakes (OFFICIAL VIDEO),Shallow Rivers official youtube channel,,
Slumber - Distress (lyrics),Adrian K,,
Novembers Doom - Twilight Innocence,Dacryfilico368,,
Karg - Crevasse,AOP Records,,
Doom:VS - Leaden Winged Burden,CowgirlFromHell616,,
Colosseum - The Unknown Kadath In The Cold Waste (Thergothon Tribute),Lore naaa,,
CALLIOPHIS - Seven Suns (Official Video) Death Doom Metal,Solitude Productions,,
Au√∞n - √ûj√°ning heillar √æj√≥√∞ar,Lillian Evill,,
Anomalie - Vision IV: Illumination (Official Music Video),AOP Records,,
Harakiri For The Sky - Manifesto,AOP Records,,
Harakiri For The Sky - Stillborn,AOP Records,,
Harakiri For The Sky - You Are The Scars (Official Lyric Video),AOP Records,,
Harakiri For The Sky - The Graves We've Dug,AOP Records,,
"Harakiri For The Sky - Fire, walk with me",AOP Records,,
Harakiri For The Sky - My Bones To The Sea (Official Music Video),AOP Records,,
Harakiri For The Sky - The Traces We Leave (Official Music Video),AOP Records,,
"Parkway Drive - ""The Colour Of Leaving"" (Full Album Stream)",Epitaph Records,,
"Parkway Drive - ""Chronos"" (Full Album Stream)",Epitaph Records,,
"Parkway Drive - ""In Blood"" (Full Album Stream)",Epitaph Records,,
"Parkway Drive - ""Shadow Boxing""",Epitaph Records,,
"Parkway Drive - ""I Hope You Rot"" (Full Album Stream)",Epitaph Records,,
"Parkway Drive - ""The Void""",Epitaph Records,,
"Parkway Drive - ""Absolute Power"" (Full Album Stream)",Epitaph Records,,
"Parkway Drive - ""Prey""",Epitaph Records,,
"Parkway Drive - ""Wishing Wells""",Epitaph Records,,
"Parkway Drive - ""Devil's Calling""",Epitaph Records,,
"Parkway Drive - ""A Deathless Song"" (Full Album Stream)",Epitaph Records,,
"Parkway Drive - ""Dedicated"" (Full Album Stream)",Epitaph Records,,
"Parkway Drive - ""Vicious"" (Full Album Stream)",Epitaph Records,,
"Parkway Drive - ""The Sound of Violence"" (Full Album Stream)",Epitaph Records,,
"Parkway Drive - ""Bottom Feeder""",Epitaph Records,,
"Parkway Drive - ""Writings on the Wall"" (Full Album Stream)",Epitaph Records,,
"Parkway Drive - ""Fractures"" (Full Album Stream)",Epitaph Records,,
"Parkway Drive - ""Crushed""",Epitaph Records,,
"Parkway Drive - ""Vice Grip""",Epitaph Records,,
"Parkway Drive - ""Destroyer"" (Full Album Stream)",Epitaph Records,,
Parkway Drive - Horizons [Lyrics HQ],ParkwayDriveHQ,,
Parkway Drive - Idols and Anchors [Lyrics HQ],ParkwayDriveHQ,,
Parkway Drive - Five Months [Lyrics HQ],ParkwayDriveHQ,,
Parkway Drive - Carrion [Lyrics HQ],ParkwayDriveHQ,,
"Parkway Drive - ""Sleight Of Hand"" (Full Album Stream)",Epitaph Records,,
"Parkway Drive - ""Atlas"" (Full Album Stream)",Epitaph Records,,
"Parkway Drive - ""The Slow Surrender"" (Full Album Stream)",Epitaph Records,,
"Parkway Drive - ""The River"" (Full Album Stream)",Epitaph Records,,
"Parkway Drive - ""Dark Days""",Epitaph Records,,
"Parkway Drive - ""Wild Eyes""",Epitaph Records,,
"Parkway Drive - ""Dream Run"" (Full Album Stream)",Epitaph Records,,
"Parkway Drive - ""Sparks"" (Full Album Stream)",Epitaph Records,,
